"q5JWySfTyoSa141XlrRnkQ","BFLXmLtb1VT8JaSFk_kb1A"
"q5JWySfTyoSa141XlrRnkQ","Zpn9kOhojhcO_fS6PpMudw"
"u8JJyh6RBAk5pFxq8Uj2kw","30ChHYsS4CEqWSdy9nf0Hw"
"u8JJyh6RBAk5pFxq8Uj2kw","nyRjfuCMjNY23Uoz3AmDrQ"
"u8JJyh6RBAk5pFxq8Uj2kw","uVCC4_g56M3I51kBCaZg4w"
"gGdg9LOh61iUX1ui6suS0w","DDF6lbrU8TJRS4BtsKkdAw"
"gGdg9LOh61iUX1ui6suS0w","kWKiVpDL3zOyh0K7OLb3sw"
"gGdg9LOh61iUX1ui6suS0w","AThs5DyymoGirPgwSnf5QQ"
"gGdg9LOh61iUX1ui6suS0w","ZPDj0KynzjbdC8KHR7TmPw"
"gGdg9LOh61iUX1ui6suS0w","OGXaxh9Qg9HQSlNpk1h2Ig"
"gGdg9LOh61iUX1ui6suS0w","To2MtARa6IA9cEShomEwZQ"
"gGdg9LOh61iUX1ui6suS0w","q8PcxgUxFvGe9KgA9x4TaA"
"gGdg9LOh61iUX1ui6suS0w","IcQJ9Ewki9Bu0cR-D__pXg"
"gGdg9LOh61iUX1ui6suS0w","-OW3sk15yInfCP3y4Qwp-A"
"gGdg9LOh61iUX1ui6suS0w","B6fZfy5Uo8BNFvst2TPNtA"
"gGdg9LOh61iUX1ui6suS0w","L4LYCnLj2DySKILVvAbmxQ"
"gGdg9LOh61iUX1ui6suS0w","MEsrfu9j10SDip3kLTd1Ig"
"gGdg9LOh61iUX1ui6suS0w","jzZmDFb8OTInhla8VMk59g"
"gGdg9LOh61iUX1ui6suS0w","9c1jJFrIqMxoWl9P3m-zAw"
"gGdg9LOh61iUX1ui6suS0w","0lbmMhM8-uF7o7ik2yVPow"
"gGdg9LOh61iUX1ui6suS0w","3VwEz5ZH76NQa1VxEWn7Aw"
"gGdg9LOh61iUX1ui6suS0w","KSFxCcsYmSXpQBq3fbvfxQ"
"gGdg9LOh61iUX1ui6suS0w","vYsN7bx9TdHxl5-WVoqTGA"
"gGdg9LOh61iUX1ui6suS0w","hH4IASJJlWquf2I_nLmshA"
"gGdg9LOh61iUX1ui6suS0w","sUkptRu0NEqkIWV9OtLlng"
"gGdg9LOh61iUX1ui6suS0w","r2UEPbuQVCAz1AWm1TSP-w"
"gGdg9LOh61iUX1ui6suS0w","ZRHPR_mj9A1p6guJ4myTow"
"gGdg9LOh61iUX1ui6suS0w","03YLDXXzJaYUJ1T9JU6YMw"
"gGdg9LOh61iUX1ui6suS0w","5nRoJPvSBQF_ez8Kad4A-Q"
"gGdg9LOh61iUX1ui6suS0w","l-iau7copbXxSBl1MtA7HA"
"gGdg9LOh61iUX1ui6suS0w","2d45vmfcbkEpoJvqgseXyw"
"gGdg9LOh61iUX1ui6suS0w","jiU6QtVii-yZz2sY77jBXQ"
"gGdg9LOh61iUX1ui6suS0w","kGxQxI2bcoCaITkSoHmDGg"
"gGdg9LOh61iUX1ui6suS0w","IRpRUI4EC6i2TgJ_-8JrJg"
"gGdg9LOh61iUX1ui6suS0w","GOrrRgMzoVG7WXvMOmkq3g"
"gGdg9LOh61iUX1ui6suS0w","xeepkup1lPfcvOqk__2u6w"
"gGdg9LOh61iUX1ui6suS0w","jrtEmqMK-VCWEuEV1Jl0_w"
"gGdg9LOh61iUX1ui6suS0w","I0OmbiekW2dhHVczVylovA"
"gGdg9LOh61iUX1ui6suS0w","IvXac4t4JkRAaEULTOz6iQ"
"gGdg9LOh61iUX1ui6suS0w","D5pLDxsdxzTxMSjl8XbY2A"
"gGdg9LOh61iUX1ui6suS0w","DimrmYf2YI0vMUL6GPjQqQ"
"gGdg9LOh61iUX1ui6suS0w","5hfKGSTC6gkamIfl6BZm6A"
"gGdg9LOh61iUX1ui6suS0w","colfdULUxE64hf8-cKXeAw"
"KSFxCcsYmSXpQBq3fbvfxQ","gGdg9LOh61iUX1ui6suS0w"
"KSFxCcsYmSXpQBq3fbvfxQ","DDF6lbrU8TJRS4BtsKkdAw"
"KSFxCcsYmSXpQBq3fbvfxQ","OGXaxh9Qg9HQSlNpk1h2Ig"
"KSFxCcsYmSXpQBq3fbvfxQ","vYsN7bx9TdHxl5-WVoqTGA"
"KSFxCcsYmSXpQBq3fbvfxQ","kGxQxI2bcoCaITkSoHmDGg"
"KSFxCcsYmSXpQBq3fbvfxQ","5hfKGSTC6gkamIfl6BZm6A"
"KSFxCcsYmSXpQBq3fbvfxQ","HR0r9BB9lXvTsDOmQfdXUA"
"KSFxCcsYmSXpQBq3fbvfxQ","pxXt5tx3S7eZ-Cq1ymIF0g"
"KSFxCcsYmSXpQBq3fbvfxQ","PSiA3JAwQxO3WNVXJD4m5w"
"KSFxCcsYmSXpQBq3fbvfxQ","k2xwh5-sm-1rjKxXqo1k2w"
"KSFxCcsYmSXpQBq3fbvfxQ","MhSqPY-1Rhk4vBehoTRqZg"
"9jowTg7EZ0fx3lD_myUEug","kGxQxI2bcoCaITkSoHmDGg"
"9jowTg7EZ0fx3lD_myUEug","BkFM3EaDVO_w91aFvrjCFw"
"9AbG_2jmLm8-alVuYMg7SA","LGai3k10GhCgPiN4CsN3dg"
"9AbG_2jmLm8-alVuYMg7SA","NxerscmODjYfPRZ93ig6vg"
"9AbG_2jmLm8-alVuYMg7SA","E_jGVQS5qpLiihsn-HF8pg"
"9AbG_2jmLm8-alVuYMg7SA","4aNGY33XcBsukx4NWf5Azw"
"9AbG_2jmLm8-alVuYMg7SA","qNyBFqBQeSOSsZvcHWCfCQ"
"9AbG_2jmLm8-alVuYMg7SA","oj5TSQ1EH9hJvWRRLfJGmg"
"9AbG_2jmLm8-alVuYMg7SA","3CDHsu7bedhvOMcE-yHxCg"
"9AbG_2jmLm8-alVuYMg7SA","rG3DBzCbrdduHPn6sWAGxA"
"9AbG_2jmLm8-alVuYMg7SA","hIOPtkYp7lVqLpu1y8NHdg"
"9AbG_2jmLm8-alVuYMg7SA","fIqS8p3Gg37ETCeZTfaZXg"
"9AbG_2jmLm8-alVuYMg7SA","r3ov7FgibBx41_W74I1KiA"
"9AbG_2jmLm8-alVuYMg7SA","aFSj36n-q5kE7GgCWs13SQ"
"9AbG_2jmLm8-alVuYMg7SA","glLl_89bcfvbER7AcwsfRg"
"9AbG_2jmLm8-alVuYMg7SA","LRM8JHKUjFn8TBDN1i9iNQ"
"9AbG_2jmLm8-alVuYMg7SA","UwZ9tsDIEF5egW0FwMh74Q"
"9AbG_2jmLm8-alVuYMg7SA","HMLQIcThFZvtxOPKLXbjXg"
"9AbG_2jmLm8-alVuYMg7SA","t2ATelXTR6kEXpijBaIwFQ"
"9AbG_2jmLm8-alVuYMg7SA","XvHpcrlESRy4ID4TPoVgaQ"
"9AbG_2jmLm8-alVuYMg7SA","aBdB_cVkRE5140B_qCARsg"
"9AbG_2jmLm8-alVuYMg7SA","IRwMRqZCdrH-WDykoQI5EQ"
"9AbG_2jmLm8-alVuYMg7SA","x2o1ofZkPms5MYmu02ygwA"
"9AbG_2jmLm8-alVuYMg7SA","qibGLHABNReGeJr2w4_8yQ"
"9AbG_2jmLm8-alVuYMg7SA","IdER_iMBsA62VzYr97pwLw"
"9AbG_2jmLm8-alVuYMg7SA","BRSPecxYRiPrx5fq5BSmpQ"
"9AbG_2jmLm8-alVuYMg7SA","ufMbYAg9AoYUb2XstX-Mhg"
"9AbG_2jmLm8-alVuYMg7SA","O-i8H59if3c8A6e0UPwg-Q"
"9AbG_2jmLm8-alVuYMg7SA","X_gAnO_4ogbfqOgaf1pEWA"
"9AbG_2jmLm8-alVuYMg7SA","GORlUBoXfBeK6H1XAmOajA"
"9AbG_2jmLm8-alVuYMg7SA","59tVivZWe74QbESr2LpU9A"
"9AbG_2jmLm8-alVuYMg7SA","AsNIsOI8uthp6qfQhW36_A"
"9AbG_2jmLm8-alVuYMg7SA","lukZ63egGnOcFBsN7STXlQ"
"9AbG_2jmLm8-alVuYMg7SA","8l6HUVnyvhZmjoJeUC-hjA"
"9AbG_2jmLm8-alVuYMg7SA","S4WW_eTSOftwSJxqyW9KKA"
"9AbG_2jmLm8-alVuYMg7SA","6Z8aT1YqJXaU26vpl01o3A"
"9AbG_2jmLm8-alVuYMg7SA","YJC6s7-ZtW-VdpaLaaRF_A"
"9AbG_2jmLm8-alVuYMg7SA","oKpYcHofvZk27IadsnLqHg"
"9AbG_2jmLm8-alVuYMg7SA","bN9UQdyftA92BZAy_r3yAw"
"9AbG_2jmLm8-alVuYMg7SA","VgqV_Yn3V9IYNxyt-gbqUg"
"9AbG_2jmLm8-alVuYMg7SA","v04kogeBxiyw4G3yhRo8_g"
"9AbG_2jmLm8-alVuYMg7SA","cmer5ZcUw3j_CTfUOefTqQ"
"9AbG_2jmLm8-alVuYMg7SA","Vmua6SpbCWsT9jPxBxEseA"
"9AbG_2jmLm8-alVuYMg7SA","AK_jwiwOcW4YU-dlh-uciQ"
"9AbG_2jmLm8-alVuYMg7SA","FBVTDxmEzLNz0BKTxBniHw"
"9AbG_2jmLm8-alVuYMg7SA","3Ja2YHe3tIc9-4CNJMOGPA"
"9AbG_2jmLm8-alVuYMg7SA","rr5zzVWVu0u-P5P1rHIV-Q"
"9AbG_2jmLm8-alVuYMg7SA","ZtvjGRltONe4N3MePpyWrA"
"9AbG_2jmLm8-alVuYMg7SA","xw-Akn0X9zILi3I_6Vu9Fg"
"9AbG_2jmLm8-alVuYMg7SA","uw1C6WzVMrGwqDRwTtFW1g"
"9AbG_2jmLm8-alVuYMg7SA","_cWoM2B2cQReG2LucK7r7g"
"9AbG_2jmLm8-alVuYMg7SA","CJqk3SGwFKhRGajCSaiPFA"
"9AbG_2jmLm8-alVuYMg7SA","4HO6tR5FUyyXVJMnlTPa3g"
"9AbG_2jmLm8-alVuYMg7SA","pL4NhW3rTokFr-CQh3Lzgg"
"9AbG_2jmLm8-alVuYMg7SA","ZPGGhPerGYby3RARwRsRUw"
"9AbG_2jmLm8-alVuYMg7SA","UF8X1QUqg0-tLPaBP3pVlQ"
"9AbG_2jmLm8-alVuYMg7SA","kaSGNECfx1RdpCqN464ypw"
"9AbG_2jmLm8-alVuYMg7SA","QQWUT71d6p6wOn7EpId4TA"
"9AbG_2jmLm8-alVuYMg7SA","6n2MQ6vO0d5R-7cihSnYKQ"
"9AbG_2jmLm8-alVuYMg7SA","8nOAfr6VEl4r77W15RU4AQ"
"9AbG_2jmLm8-alVuYMg7SA","yq7y2kjaPrU9bhpYKhHdIA"
"zjblln7gfihMfPhgYXYrPA","vYsN7bx9TdHxl5-WVoqTGA"
"zjblln7gfihMfPhgYXYrPA","kGxQxI2bcoCaITkSoHmDGg"
"zjblln7gfihMfPhgYXYrPA","UUqGHQFu2tQDGv5r3yJWPA"
"zjblln7gfihMfPhgYXYrPA","HVEkhgvEwFt5oDaW9Fm3qw"
"zjblln7gfihMfPhgYXYrPA","hLVMSWU-Rl_xNjvLX_lL8A"
"zjblln7gfihMfPhgYXYrPA","PH2gkk4Lksck9q0WVbxeBQ"
"zjblln7gfihMfPhgYXYrPA","WzFSlyPO-kARif92D_u_dQ"
"zjblln7gfihMfPhgYXYrPA","M9rRM6Eo5YbKLKMG5QiIPA"
"zjblln7gfihMfPhgYXYrPA","MMRjezvCJmWTQdaGCDHXCA"
"zjblln7gfihMfPhgYXYrPA","1po_dDPQOKC1QzqpagyC7g"
"zjblln7gfihMfPhgYXYrPA","ffjJFz6CIfutVg1jFbCjfw"
"zjblln7gfihMfPhgYXYrPA","JzyhTurcfA8u1hqM7J0CgA"
"zjblln7gfihMfPhgYXYrPA","E1QMeAq89ee4Nx5jOcHEig"
"zjblln7gfihMfPhgYXYrPA","1snscCfFZOtDIRxw30qTOA"
"zjblln7gfihMfPhgYXYrPA","NcwiuNrABXYk4SthqEkqSQ"
"zjblln7gfihMfPhgYXYrPA","Z3fztAsmopC-x-keo8hrag"
"zjblln7gfihMfPhgYXYrPA","ZQyka6pFaNKdAM7gV7ideA"
"zjblln7gfihMfPhgYXYrPA","i-BwVljvngqWLFIqK7P4tQ"
"zjblln7gfihMfPhgYXYrPA","VmQdv7xMWiyejzxJz0iVsQ"
"abxwXqUEmPJMmAj18yRyXg","kGxQxI2bcoCaITkSoHmDGg"
"abxwXqUEmPJMmAj18yRyXg","SMiQIqkdCWp7sxF81jLtxQ"
"abxwXqUEmPJMmAj18yRyXg","8LfQoQu8_9OmFVyy8lC2Gg"
"abxwXqUEmPJMmAj18yRyXg","pZzeDWkqnFpuYF3qqP1RfQ"
"abxwXqUEmPJMmAj18yRyXg","o7C4aauzz3dKJO9A6hegKQ"
"abxwXqUEmPJMmAj18yRyXg","9lTxVw72GLLB8_8fcgSGXA"
"abxwXqUEmPJMmAj18yRyXg","voNiczRaD3PCDGr4-GwwHg"
"abxwXqUEmPJMmAj18yRyXg","VB_o3TxM_RA4oI-TLG2I2A"
"abxwXqUEmPJMmAj18yRyXg","JQK1ke4fP8F_PaA71Pm1tA"
"Iqq3h9fBnX-matWdTaDVCg","yP0WmPkWFw1A8Yie4PI8Ew"
"Iqq3h9fBnX-matWdTaDVCg","eGJcz6e3fhDWyTROCiVzNg"
"xnQeQjo8E9Sx9tX2ndShZQ","rcH5cpnYi2ZotMwr5A0TXA"
"xnQeQjo8E9Sx9tX2ndShZQ","RWf_Yvpr2NWIAMfsW1a4ZA"
"xnQeQjo8E9Sx9tX2ndShZQ","ee_Bug8Ao56mJGt3n9C3gw"
"xnQeQjo8E9Sx9tX2ndShZQ","wCdz6AjgiwnkbgQvbkoI0A"
"xnQeQjo8E9Sx9tX2ndShZQ","ppV9KyXflM8uibtF4hOGdg"
"xnQeQjo8E9Sx9tX2ndShZQ","2Jy3gtE32wuqM38He5n9hw"
"xnQeQjo8E9Sx9tX2ndShZQ","Cw4JFqDBIspB0kYzbE-UTQ"
"xnQeQjo8E9Sx9tX2ndShZQ","dNPcwOMdYONRIoQNM_XlIA"
"xnQeQjo8E9Sx9tX2ndShZQ","cN4baC281s-4mHsNeXY-1Q"
"xnQeQjo8E9Sx9tX2ndShZQ","VLxT_oJRoMmerc9QFWEMZA"
"xnQeQjo8E9Sx9tX2ndShZQ","OQPVSdw27zLdiUpKT-N_mg"
"xnQeQjo8E9Sx9tX2ndShZQ","_jN0PiRD9SdbB7_o3iJUqg"
"xnQeQjo8E9Sx9tX2ndShZQ","nroIkj_z1YBytAi7b5E-Iw"
"xnQeQjo8E9Sx9tX2ndShZQ","yWR1GcKU81H-icQsvEXpfQ"
"xnQeQjo8E9Sx9tX2ndShZQ","hrMRqlIRqfHXEE1rhtJSxQ"
"xnQeQjo8E9Sx9tX2ndShZQ","xbyrmeevvWsuFuO8G5_pYA"
"xnQeQjo8E9Sx9tX2ndShZQ","LjUkG-19dlsWL9_kfKiRJg"
"xnQeQjo8E9Sx9tX2ndShZQ","3TjC7dnFN5QNkvq6XBjjkQ"
"xnQeQjo8E9Sx9tX2ndShZQ","9xyMp0PhD_0ILyC0CleWjg"
"xnQeQjo8E9Sx9tX2ndShZQ","hyDjSZqAn_8NU935JItOwQ"
"xnQeQjo8E9Sx9tX2ndShZQ","dZOQC1wsgFIq3PJYcYAWCA"
"xnQeQjo8E9Sx9tX2ndShZQ","6vgiKUbKU_qATqBdE_tjuA"
"xnQeQjo8E9Sx9tX2ndShZQ","BmxeJ0RHvvQDGOvhqf5ygw"
"xnQeQjo8E9Sx9tX2ndShZQ","M_P3_Pi5OoQIqYs66adgEQ"
"xnQeQjo8E9Sx9tX2ndShZQ","9orimHcAcb9soBerflXilQ"
"xnQeQjo8E9Sx9tX2ndShZQ","AbEoWMFZjtoJnOwB3_J_yw"
"xnQeQjo8E9Sx9tX2ndShZQ","kLa20sAAcWTUN70baTELIQ"
"xnQeQjo8E9Sx9tX2ndShZQ","f7bcy_3S3qrMY5leeBmjTA"
"xnQeQjo8E9Sx9tX2ndShZQ","B_RwwkyDQ7Y4T929emA6-w"
"xnQeQjo8E9Sx9tX2ndShZQ","OC2VtvmT8aulFoy1jD-Tyg"
"xnQeQjo8E9Sx9tX2ndShZQ","5J8zhQPs0VY8PJ1g-y-LMw"
"xnQeQjo8E9Sx9tX2ndShZQ","ebdoU1BbQrz68YtB911uww"
"xnQeQjo8E9Sx9tX2ndShZQ","xmMRgud8GH99_f8jlCoY8g"
"xnQeQjo8E9Sx9tX2ndShZQ","bLvGjn1rnHkTuJnfA2AZ9Q"
"xnQeQjo8E9Sx9tX2ndShZQ","59BKS9WJuPP02CjPwKikFw"
"xnQeQjo8E9Sx9tX2ndShZQ","t_4G8wsjZ8i3EOAoEKTTQw"
"xnQeQjo8E9Sx9tX2ndShZQ","wee2G3DIIxFCY_L6ixcXgQ"
"xnQeQjo8E9Sx9tX2ndShZQ","D0oykNV3KfFc1zjiK-MyIA"
"xnQeQjo8E9Sx9tX2ndShZQ","ZoOhjqf1xg18_WpgzO8zzg"
"xnQeQjo8E9Sx9tX2ndShZQ","9E4RUSDnK5SXHafyy3zEcQ"
"xnQeQjo8E9Sx9tX2ndShZQ","2wnXQhYr8dXPtMIMgb82tQ"
"FJZhHjEY22acP9tDDGdLtw","htdEzP_ksP0q2U08l5a9sQ"
"FJZhHjEY22acP9tDDGdLtw","xHHNKL8ghH3snpGrCaRLzg"
"RUqTJCT7o01sJrtwhZkWEA","Zanv6QNRjersH_b8L8uttQ"
"NR5KP8WQPNh_wqxOydu5AA","BFLXmLtb1VT8JaSFk_kb1A"
"DYAvhbi_8R0Pgi0tpO_xJQ","5yed-24IOzJQv43azOtjIw"
"DYAvhbi_8R0Pgi0tpO_xJQ","2_9fACMDHD7eAbTKsBn0cA"
"2ItC8T3Swc_zLQs41mMh_g","MJqJaYxjs9x0nmATKoTnvQ"
"2ItC8T3Swc_zLQs41mMh_g","ww65Bu0BPvDBWn5-FdJReg"
"2ItC8T3Swc_zLQs41mMh_g","CILGCoZwzd9WV0-6s0VYAA"
"2ItC8T3Swc_zLQs41mMh_g","RLdlO7VDfuIoVDCIEF6HEA"
"2ItC8T3Swc_zLQs41mMh_g","ekmNrlgCcrQxyKn8bUDrIw"
"2ItC8T3Swc_zLQs41mMh_g","DOuZ3zQl-kftFuwX-W71Kw"
"2ItC8T3Swc_zLQs41mMh_g","mlhMP8kHOyfEo1E3uWXf6g"
"2ItC8T3Swc_zLQs41mMh_g","sERTmn6Tsp--LFhwkL9f1A"
"2ItC8T3Swc_zLQs41mMh_g","D1mMYsj4rmqOUmJVAMSvqw"
"2ItC8T3Swc_zLQs41mMh_g","HTkTcRcZnvBmEqXHmiGMnQ"
"2ItC8T3Swc_zLQs41mMh_g","gjUSqZsIbpRPpNzM-alqOQ"
"2ItC8T3Swc_zLQs41mMh_g","YFKYLLoh4FNc7KnK0OYAzw"
"2ItC8T3Swc_zLQs41mMh_g","J6UqFIbesEZcUwJWg6AJUw"
"2ItC8T3Swc_zLQs41mMh_g","aw3CZEU_r-RRl-8hnnZPsQ"
"2ItC8T3Swc_zLQs41mMh_g","rwm7bHJGTD5tBaXE710OlA"
"2ItC8T3Swc_zLQs41mMh_g","L-k8fhNEvS1VINLAGpekfg"
"2ItC8T3Swc_zLQs41mMh_g","I1w_UFVLrn_z_TAzFjaM9A"
"2ItC8T3Swc_zLQs41mMh_g","vION8RXRxFCXFUsX-1dPEA"
"2ItC8T3Swc_zLQs41mMh_g","Bn7FyJVOYQ-LFILRQN3gaA"
"2ItC8T3Swc_zLQs41mMh_g","MADRnOVMvyHSndUDn_SFQw"
"2ItC8T3Swc_zLQs41mMh_g","id0En16VxPoaQdGIFUy-EA"
"2ItC8T3Swc_zLQs41mMh_g","Jmf3ULYkRwBUutMUk56J5w"
"2ItC8T3Swc_zLQs41mMh_g","7BGg0m17V0OD5DofPxh0Ug"
"2ItC8T3Swc_zLQs41mMh_g","CUvOsRN4P41uHslvvzJX4g"
"2ItC8T3Swc_zLQs41mMh_g","WlAdg7pxmSarl95lY1gEYA"
"2ItC8T3Swc_zLQs41mMh_g","owpaesuJANOFKLaumJHUBQ"
"2ItC8T3Swc_zLQs41mMh_g","gqKG9xXcCmiv10HbPsk66g"
"2ItC8T3Swc_zLQs41mMh_g","mLr4bSN0TTIdmRyicXiakg"
"2ItC8T3Swc_zLQs41mMh_g","JwwAY-HYAAak_J1oF6bh3g"
"2ItC8T3Swc_zLQs41mMh_g","U68xYg8fWDJhxip_vS51Pg"
"2ItC8T3Swc_zLQs41mMh_g","Wm6nSKwH0BIihWQgl8chLQ"
"2ItC8T3Swc_zLQs41mMh_g","YOEZop2x2emYaeL5a-iqKg"
"2ItC8T3Swc_zLQs41mMh_g","Asx9DVpWkLGCYiM4_RT0dA"
"2ItC8T3Swc_zLQs41mMh_g","yj5qPUpoH0ZRzu426rG6Mg"
"2ItC8T3Swc_zLQs41mMh_g","dGQuzSwgWDsiGpEKjqjc5g"
"2ItC8T3Swc_zLQs41mMh_g","9bQ-ez8btWY1zBXYoSHGvg"
"2ItC8T3Swc_zLQs41mMh_g","S4MWByTWYFoiTJy78xeMaQ"
"2ItC8T3Swc_zLQs41mMh_g","sAajwNX5S9JDtbecDY-VIA"
"2ItC8T3Swc_zLQs41mMh_g","yk_IhKBfweOF-Hz9-26wRw"
"2ItC8T3Swc_zLQs41mMh_g","CZGtbJmWH0rre8vaO3JPpw"
"2ItC8T3Swc_zLQs41mMh_g","Y4rnyGG65iXlWZEDWcf1sA"
"2ItC8T3Swc_zLQs41mMh_g","D8Ivk__VHAZChQx0Ivtseg"
"2ItC8T3Swc_zLQs41mMh_g","BL1SJVrsNXLSAdaTSisDYw"
"2ItC8T3Swc_zLQs41mMh_g","PsoChh4wiZkdBsfwg1ycWA"
"2ItC8T3Swc_zLQs41mMh_g","QBhmHWbfMGonMeCYYjtMrg"
"2ItC8T3Swc_zLQs41mMh_g","CbKxPXQ5wOUUCLjsJe5QBA"
"2ItC8T3Swc_zLQs41mMh_g","4uiN73iRys0FaVvTPYlThg"
"2ItC8T3Swc_zLQs41mMh_g","Wgd9YIuogs2A5KEKEGKHuQ"
"2ItC8T3Swc_zLQs41mMh_g","fe2Umm1fH2TPMLtfyM79UA"
"2ItC8T3Swc_zLQs41mMh_g","GdL7iRUENfuvqhujF1OCdg"
"2ItC8T3Swc_zLQs41mMh_g","7r1tE-FaPGf9NxHgJNioEQ"
"2ItC8T3Swc_zLQs41mMh_g","EBMX8gwltqJTMWWSKSGPXQ"
"2ItC8T3Swc_zLQs41mMh_g","W44iDJNlX6JS_RmVJEgiWQ"
"2ItC8T3Swc_zLQs41mMh_g","8b6YMKc14b41hP2vDrDSVQ"
"2ItC8T3Swc_zLQs41mMh_g","1FaFaTd-FoLO6jXNlqWh2A"
"2ItC8T3Swc_zLQs41mMh_g","fBbxD093FeedHhLqhUHyQA"
"2ItC8T3Swc_zLQs41mMh_g","Zj18l_YE2_aSDfKr3JsCYQ"
"2ItC8T3Swc_zLQs41mMh_g","ltdnsajdN9ipIAsPeiI1cQ"
"2ItC8T3Swc_zLQs41mMh_g","VizTRG9xW_Qas7IlJdTwtA"
"2ItC8T3Swc_zLQs41mMh_g","Tp0510llKTovrnR3oc_pjQ"
"2ItC8T3Swc_zLQs41mMh_g","08MK4A4ug3SKHALUPXQ0ZA"
"2ItC8T3Swc_zLQs41mMh_g","gc8CQEMnKxwfubulPMrYXQ"
"2ItC8T3Swc_zLQs41mMh_g","j0vlEtrdX_meEAHL6La-QQ"
"2ItC8T3Swc_zLQs41mMh_g","eZlWthDrKjoiJwHt3iXWvQ"
"2ItC8T3Swc_zLQs41mMh_g","9U2JI1TZ8mbaFQRbB13zJA"
"2ItC8T3Swc_zLQs41mMh_g","HN338Xcgffdw8ofuO2IEig"
"oCQZn1xwx1488NA-HZ52QA","DDF6lbrU8TJRS4BtsKkdAw"
"oCQZn1xwx1488NA-HZ52QA","OGXaxh9Qg9HQSlNpk1h2Ig"
"oCQZn1xwx1488NA-HZ52QA","To2MtARa6IA9cEShomEwZQ"
"oCQZn1xwx1488NA-HZ52QA","kGxQxI2bcoCaITkSoHmDGg"
"oCQZn1xwx1488NA-HZ52QA","E1QMeAq89ee4Nx5jOcHEig"
"oCQZn1xwx1488NA-HZ52QA","20ZJ2ggtftZswz7d-GqBlg"
"oCQZn1xwx1488NA-HZ52QA","ENcTFAmjk0svsK_bMkFElA"
"oCQZn1xwx1488NA-HZ52QA","mpQO22Z-dkChMbLb0f0fAg"
"oCQZn1xwx1488NA-HZ52QA","8Plig_2IFZgvS_EKKCWRsg"
"oCQZn1xwx1488NA-HZ52QA","Sro4CMpHoKJLnFVCHGYbPw"
"oCQZn1xwx1488NA-HZ52QA","s4nmJVD22kUVgPd5MMomRg"
"xLeQfa6h2JbDzsurRzfGJg","DDF6lbrU8TJRS4BtsKkdAw"
"xLeQfa6h2JbDzsurRzfGJg","kGxQxI2bcoCaITkSoHmDGg"
"nySVhpnlhqfvajw-yySqvQ","BFLXmLtb1VT8JaSFk_kb1A"
"nySVhpnlhqfvajw-yySqvQ","OGXaxh9Qg9HQSlNpk1h2Ig"
"nySVhpnlhqfvajw-yySqvQ","B6fZfy5Uo8BNFvst2TPNtA"
"nySVhpnlhqfvajw-yySqvQ","L4LYCnLj2DySKILVvAbmxQ"
"nySVhpnlhqfvajw-yySqvQ","0lbmMhM8-uF7o7ik2yVPow"
"nySVhpnlhqfvajw-yySqvQ","GOrrRgMzoVG7WXvMOmkq3g"
"nySVhpnlhqfvajw-yySqvQ","xeepkup1lPfcvOqk__2u6w"
"nySVhpnlhqfvajw-yySqvQ","1po_dDPQOKC1QzqpagyC7g"
"nySVhpnlhqfvajw-yySqvQ","E1QMeAq89ee4Nx5jOcHEig"
"nySVhpnlhqfvajw-yySqvQ","yocUoAflwaRsnyUf6ceQwA"
"nySVhpnlhqfvajw-yySqvQ","UDejHKry6QUTdAyo5EZOzA"
"nySVhpnlhqfvajw-yySqvQ","95GOfKoCDfeGkX2l8n8Lfw"
"nySVhpnlhqfvajw-yySqvQ","IZMnP-UHqqB5pYhl_WyCUQ"
"nySVhpnlhqfvajw-yySqvQ","_bPfeGMLsqEf5pXHDe9jFw"
"nySVhpnlhqfvajw-yySqvQ","xMVb8KdtQozjC3MdZjCAbw"
"nySVhpnlhqfvajw-yySqvQ","d_I0p-Lqf32eK8p-NhYPJA"
"nySVhpnlhqfvajw-yySqvQ","TfLAP6g467c_hCZEBVgYdQ"
"nySVhpnlhqfvajw-yySqvQ","U_w8ZMD26vnkeeS1sD7s4Q"
"nySVhpnlhqfvajw-yySqvQ","qb5ntQnqhS1m63fDkTGt0Q"
"nySVhpnlhqfvajw-yySqvQ","--2vR0DIsmQ6WfcSzKWigw"
"nySVhpnlhqfvajw-yySqvQ","k-zj8AiC2NxINmLB7ytrCA"
"nySVhpnlhqfvajw-yySqvQ","0uNtarRk98HajiMFLxnUUw"
"nySVhpnlhqfvajw-yySqvQ","OmvS1jJ8C8kVxrlyMFVE3Q"
"nySVhpnlhqfvajw-yySqvQ","9MF-l8xgyWN9dm2-r2mF9w"
"nySVhpnlhqfvajw-yySqvQ","JWx32aeiKM2Z2N-tA2m-WA"
"nySVhpnlhqfvajw-yySqvQ","kdo4Ch9wTIg4vb8gBj9KYg"
"nySVhpnlhqfvajw-yySqvQ","1EchcNeHE0DU7rcCkZJbVA"
"nySVhpnlhqfvajw-yySqvQ","rXvsM4vsvrhmLKXu10HRbQ"
"nySVhpnlhqfvajw-yySqvQ","BptOalrilje-pvIMgjqilA"
"nySVhpnlhqfvajw-yySqvQ","ohYVlDdcv7miqpZSk8tiJA"
"nySVhpnlhqfvajw-yySqvQ","deDAcIENmOmPvms91usDxA"
"nySVhpnlhqfvajw-yySqvQ","sdpIz4-s15T239CZ4Bd6Ag"
"nySVhpnlhqfvajw-yySqvQ","Qs_MYKfkw4dASKgG7rWeLg"
"nySVhpnlhqfvajw-yySqvQ","DJ08V14y3regx0DH4Gg0_Q"
"nySVhpnlhqfvajw-yySqvQ","LgZJT8nAve0nuKzP2yDMzA"
"nySVhpnlhqfvajw-yySqvQ","vrnUHeQs4NETNYS5lKiA-Q"
"nySVhpnlhqfvajw-yySqvQ","6mLXowCCBdy6GjMvctr-ig"
"nySVhpnlhqfvajw-yySqvQ","T-3NmMkp_mxQeQRC42hDhA"
"nySVhpnlhqfvajw-yySqvQ","0_X3kdQM63xFCL0OFKd6pA"
"nySVhpnlhqfvajw-yySqvQ","Ytz9zqm2cS0bwX43yXfcuw"
"nySVhpnlhqfvajw-yySqvQ","Pi5ijXVAN2e2KhipvEu5TA"
"nySVhpnlhqfvajw-yySqvQ","4amtLWFSBC_aC7V_-Hy-_A"
"nySVhpnlhqfvajw-yySqvQ","XctjA_B_gAJHewbk50FI5g"
"nySVhpnlhqfvajw-yySqvQ","FqjjZZlLcp1I-_X96B1TxQ"
"nySVhpnlhqfvajw-yySqvQ","qkh4g8P-eA6RU2sYMUkXyQ"
"nySVhpnlhqfvajw-yySqvQ","4ffshwn3WmxHSx3vM0Z9XQ"
"nySVhpnlhqfvajw-yySqvQ","Ahy8VziuYseYjSYPx3ngdg"
"nySVhpnlhqfvajw-yySqvQ","6jOBHziimpcv7VLdTSBWBg"
"nySVhpnlhqfvajw-yySqvQ","X_ohd_459A8bhnhPIwzpew"
"nySVhpnlhqfvajw-yySqvQ","SMAqqXSVr3qL7epXMXjDOw"
"nySVhpnlhqfvajw-yySqvQ","scmXLjgQ8JhKeXlApIS6_A"
"nySVhpnlhqfvajw-yySqvQ","a0mWRluSZmLlsVdiWzeRYA"
"nySVhpnlhqfvajw-yySqvQ","M-YbGq1rjZtak9-WftwB_g"
"nySVhpnlhqfvajw-yySqvQ","JkMr9I4QadFVZOzR-ceRYA"
"nySVhpnlhqfvajw-yySqvQ","HYjyy31TFIX1MFfvl-63cw"
"nySVhpnlhqfvajw-yySqvQ","ZLIM9Zkqdyi2z2C7lA1Wug"
"nySVhpnlhqfvajw-yySqvQ","kS117az9yNVbjZ21pIfFBw"
"nySVhpnlhqfvajw-yySqvQ","EI3PU0--Z_IPmmn461pfCQ"
"nySVhpnlhqfvajw-yySqvQ","FCPNQOWxKgcmAunFXYzlTw"
"nySVhpnlhqfvajw-yySqvQ","QvacYYZzeD57a7oN4ZuoRQ"
"nySVhpnlhqfvajw-yySqvQ","Fb9pNCkahac7gcTUEKvZrQ"
"nySVhpnlhqfvajw-yySqvQ","hRjUmhJhxN4PaZDEg_jyxQ"
"nySVhpnlhqfvajw-yySqvQ","tDySuK3sc_7QHuWSpOmTvA"
"nySVhpnlhqfvajw-yySqvQ","SoxxjDkG6jqVHTWY2_BxmQ"
"nySVhpnlhqfvajw-yySqvQ","caH_Pg46Jtm4pdOM-JoJyg"
"nySVhpnlhqfvajw-yySqvQ","aNUnTNn44ISktplmH41SQw"
"nySVhpnlhqfvajw-yySqvQ","ptWsRNwXh52nO5vWSJhP3w"
"nySVhpnlhqfvajw-yySqvQ","cc3PKfBiOZpfXF-rC4eQRg"
"nySVhpnlhqfvajw-yySqvQ","SOTp1Rv_qsRez4_-Z3SuAA"
"nySVhpnlhqfvajw-yySqvQ","WaPHMkaOq6Y_QQb9MRb2Tw"
"nySVhpnlhqfvajw-yySqvQ","ndUEcKwyo6UwPiEiYAwrYQ"
"nySVhpnlhqfvajw-yySqvQ","IlhQh-rLm3PdvGyObeACdA"
"nySVhpnlhqfvajw-yySqvQ","-FZBTkAZEXoP7CYvRV2ZwQ"
"nySVhpnlhqfvajw-yySqvQ","Drv0Jlcn7uBUhSaXgguX2Q"
"nySVhpnlhqfvajw-yySqvQ","L0ofEPKDxRtNs1wQXBG4Qw"
"nySVhpnlhqfvajw-yySqvQ","JDs6YIIsDW-taxx-C6Js2g"
"nySVhpnlhqfvajw-yySqvQ","bEB6ogiYScI7ka58UociUQ"
"nySVhpnlhqfvajw-yySqvQ","sUSV_UC2llnfDL8Pd_bs5A"
"nySVhpnlhqfvajw-yySqvQ","1uzUaggU8EOqsw0MkSvWpA"
"nySVhpnlhqfvajw-yySqvQ","lmpqAUISeeC6IiDmg2PUyg"
"nySVhpnlhqfvajw-yySqvQ","wPSTKDL2Y-yfYsWRrzE1tA"
"nySVhpnlhqfvajw-yySqvQ","yxXykw9HTVD6Phk7qB-M9A"
"nySVhpnlhqfvajw-yySqvQ","fBkehAnBor5qaDEp1fnYfQ"
"nySVhpnlhqfvajw-yySqvQ","CqnM93jgy9_muI_99dulNQ"
"nySVhpnlhqfvajw-yySqvQ","K_GfIxiCH_KG8KWxu0ArsA"
"nySVhpnlhqfvajw-yySqvQ","-xtGPdmwpxKeTqIuLFYVQA"
"nySVhpnlhqfvajw-yySqvQ","3jLFVF1fwM3Vjxt1RXyqlQ"
"nySVhpnlhqfvajw-yySqvQ","lDaCDiZG-JFQ5toi5rZuSQ"
"nySVhpnlhqfvajw-yySqvQ","-8p30ONPqWic8KmJtFv49A"
"nySVhpnlhqfvajw-yySqvQ","vOO12vDBWFe1_Iphs4muvQ"
"nySVhpnlhqfvajw-yySqvQ","b_hOVL43ocK8Shn91hdlHQ"
"nySVhpnlhqfvajw-yySqvQ","hncn3pyp5D3RN0-Bf6MqWA"
"nySVhpnlhqfvajw-yySqvQ","Ump6vXNxA0CPsC1-00Ckmg"
"nySVhpnlhqfvajw-yySqvQ","UDCQSdtE2reLxmCXn-aARg"
"nySVhpnlhqfvajw-yySqvQ","7uY9qoPMBFaK9cf5azY0rw"
"nySVhpnlhqfvajw-yySqvQ","RbJTX36d9NRs6i0-Mar3TA"
"nySVhpnlhqfvajw-yySqvQ","p6Zu_RcBSJtMgthlNhA-5g"
"nySVhpnlhqfvajw-yySqvQ","6JIjYqAgZu0MgT0e5K2kiA"
"nySVhpnlhqfvajw-yySqvQ","ZRj_z7jryHiTzHrH2NfaLA"
"nySVhpnlhqfvajw-yySqvQ","l1_1hEoL_o06efWe6u_UcA"
"nySVhpnlhqfvajw-yySqvQ","DnOzEw-D9iSEawjEWDrlng"
"nySVhpnlhqfvajw-yySqvQ","sTobDIPitBjMdJJ5LUO7_w"
"nySVhpnlhqfvajw-yySqvQ","s6k-X8EMsicKiZV1K1qs1A"
"nySVhpnlhqfvajw-yySqvQ","TIUwtJM5XYAl9sSpV14PZA"
"nySVhpnlhqfvajw-yySqvQ","OLHMfCBERvWI_TFL8iS1Sw"
"nySVhpnlhqfvajw-yySqvQ","Ymv1kdHVbGUEZ8LUb1YNjQ"
"nySVhpnlhqfvajw-yySqvQ","Q2NszQ1gmbcpc-rSCcGPtQ"
"nySVhpnlhqfvajw-yySqvQ","DJsKe4xWQDfZ1ygfZoo4Ew"
"nySVhpnlhqfvajw-yySqvQ","KjcReeY8DePn8_XP74_WAg"
"nySVhpnlhqfvajw-yySqvQ","3w7NyeMQM1TuyWhmBC1SwQ"
"nySVhpnlhqfvajw-yySqvQ","rU868DakQ4Lc6Hi8B49Zmw"
"nySVhpnlhqfvajw-yySqvQ","h_jiZVmOzQ_JfLF2HCExEw"
"nySVhpnlhqfvajw-yySqvQ","fmCUivBnATGSrqH1XL11gA"
"nySVhpnlhqfvajw-yySqvQ","RKJmcG-4dnnIp0jXd-U29A"
"nySVhpnlhqfvajw-yySqvQ","vpiSKwBBdknRdLFY0KMSVQ"
"nySVhpnlhqfvajw-yySqvQ","H1D3d-KypqZgUe-pF110oA"
"nySVhpnlhqfvajw-yySqvQ","6SJU41Tj1-9KyBJf9RxmTA"
"nySVhpnlhqfvajw-yySqvQ","GzpQjTrmJj1q3PkCddtmdg"
"nySVhpnlhqfvajw-yySqvQ","GC6tIDAzIQMjlf4ePc_IwQ"
"nySVhpnlhqfvajw-yySqvQ","0pgXpWmpy6vAOqvs_TMhaA"
"nySVhpnlhqfvajw-yySqvQ","7uB1XT9gyCMoXLXhoOqd3A"
"nySVhpnlhqfvajw-yySqvQ","pqYVelfsw9DmUayU7isXBg"
"nySVhpnlhqfvajw-yySqvQ","tQaX_K6g-GqiI8bUbD8uxw"
"nySVhpnlhqfvajw-yySqvQ","298kzk5e9HKXlnv3VD0drg"
"nySVhpnlhqfvajw-yySqvQ","8qw5BPoHRdTUMXe8vsEZkw"
"nySVhpnlhqfvajw-yySqvQ","3LpT8SgJ6ilAT-ofCO5F1w"
"nySVhpnlhqfvajw-yySqvQ","1ig0jhH4uMbLOGpjfBqnuw"
"nySVhpnlhqfvajw-yySqvQ","kEy_5GWP7En1y7_kpFGMGg"
"nySVhpnlhqfvajw-yySqvQ","8-2Hsoe-kGTUqUq6zeFJsg"
"nySVhpnlhqfvajw-yySqvQ","Ju6uTZmA6Lg2nSYo-4YsLw"
"nySVhpnlhqfvajw-yySqvQ","6qSjQqCcEjPWVa_dpZfgcw"
"nySVhpnlhqfvajw-yySqvQ","DDbLhgUeBClKvqQhJMiwhQ"
"nySVhpnlhqfvajw-yySqvQ","T_M8txe1i9xGV4zRcH9kuw"
"nySVhpnlhqfvajw-yySqvQ","xc6j8SezxBvfxtOqgjvSgA"
"nySVhpnlhqfvajw-yySqvQ","f__9p6lo6hmwnAEh3yorsQ"
"nySVhpnlhqfvajw-yySqvQ","eBZ6qYNJ0G0doBC9lNxUqA"
"nySVhpnlhqfvajw-yySqvQ","K-tV497IGYVLrMSmLZzU7A"
"nySVhpnlhqfvajw-yySqvQ","OK7jABaab-ITXjFopirh2A"
"nySVhpnlhqfvajw-yySqvQ","FpB44ccQnPntnZQmWTTKDA"
"nySVhpnlhqfvajw-yySqvQ","g0l7WLM-XSnYVVycfvKd9w"
"nySVhpnlhqfvajw-yySqvQ","k2ZOthrQdUOUnChyMJxv2A"
"nySVhpnlhqfvajw-yySqvQ","U-B_cyFdIfpN7Qfr9c8zTw"
"nySVhpnlhqfvajw-yySqvQ","INclR-W_XQTYc3Uk8Bgc4g"
"nySVhpnlhqfvajw-yySqvQ","D1PA-xR6xuTskVCWMLWL9Q"
"nySVhpnlhqfvajw-yySqvQ","dINsSphNMgiJnoYef72C7Q"
"nySVhpnlhqfvajw-yySqvQ","UMJM7LQeiN1wbBzwWlePEQ"
"nySVhpnlhqfvajw-yySqvQ","TaVuQWmXAhxy_LvIXBs9sg"
"nySVhpnlhqfvajw-yySqvQ","pJHg-bdR2SLO_-r8FCLzEQ"
"nySVhpnlhqfvajw-yySqvQ","Cjfgh0v54urwg628j4XkMw"
"nySVhpnlhqfvajw-yySqvQ","izoKblvdpxcDkoEPAKJ7GQ"
"nySVhpnlhqfvajw-yySqvQ","61V3CF3MwS5QtmtV5HHAkQ"
"nySVhpnlhqfvajw-yySqvQ","dtqR8hfIpa2Ms9nLLGEIuw"
"nySVhpnlhqfvajw-yySqvQ","TXqtOTshH75QqpH3BgsvwA"
"nySVhpnlhqfvajw-yySqvQ","xys-d6VtsVoAxCuR4kqdzA"
"nySVhpnlhqfvajw-yySqvQ","KrXdX4P8ljqoRdHQNlCFpQ"
"nySVhpnlhqfvajw-yySqvQ","TZ6hWzeyYVTkBrhVdkHWvQ"
"nySVhpnlhqfvajw-yySqvQ","I3FE_CAyBqqJUQB0uS1Zpg"
"nySVhpnlhqfvajw-yySqvQ","omtk3E2TaRzdrEChajrbLw"
"nySVhpnlhqfvajw-yySqvQ","YYZDOfPHoq1QF_oTlEqvrw"
"nySVhpnlhqfvajw-yySqvQ","sYwLWwDpfdHOQm21bzVrlQ"
"nySVhpnlhqfvajw-yySqvQ","ek4NMJXywVRJ7t9wXOmAlQ"
"nySVhpnlhqfvajw-yySqvQ","NjhDXFMLQ-kVHwWjDRht2A"
"nySVhpnlhqfvajw-yySqvQ","ueiZhL1Ophqa_wJIK-rxfg"
"nySVhpnlhqfvajw-yySqvQ","2vDtrRBwEp8huTdaPI4T6Q"
"nySVhpnlhqfvajw-yySqvQ","5M5E-oMcvzlu9J3r-pGNTQ"
"nySVhpnlhqfvajw-yySqvQ","k8vsOaBP37r38JLiHow7hg"
"nySVhpnlhqfvajw-yySqvQ","HjpiFDd4mzNHH5sbbh2Mzg"
"nySVhpnlhqfvajw-yySqvQ","dtpYHSv2YkXJAPymjOMFIA"
"nySVhpnlhqfvajw-yySqvQ","n1iIDP1woHcByJZPS5Vvfg"
"nySVhpnlhqfvajw-yySqvQ","GtzzdeQZfQY6CUGjKSf-Ng"
"nySVhpnlhqfvajw-yySqvQ","C36J49-643ypFtdVpvVr6w"
"nySVhpnlhqfvajw-yySqvQ","ntuY7GBqOcnOZymFqCro-g"
"nySVhpnlhqfvajw-yySqvQ","m8DTpc3S7t4ho6d8pQHH2g"
"nySVhpnlhqfvajw-yySqvQ","47L1cPtV-jeUt0BAOZlTuQ"
"nySVhpnlhqfvajw-yySqvQ","LSDlSJ8y4Thbt2-uY8KBXw"
"nySVhpnlhqfvajw-yySqvQ","_lbWKRupAKhWCG85rw5hDw"
"nySVhpnlhqfvajw-yySqvQ","lqYffMDu6rcnAWLw5R7Gxw"
"nySVhpnlhqfvajw-yySqvQ","UVL_MQHEhShCT4fk8wOTkw"
"nySVhpnlhqfvajw-yySqvQ","f33aIm5ZdKwHdGwUuMdT0Q"
"nySVhpnlhqfvajw-yySqvQ","0s7O1QC6l6Lswj_CtPaz5g"
"nySVhpnlhqfvajw-yySqvQ","1ibYu0H9uHrxKUGhlhtocA"
"nySVhpnlhqfvajw-yySqvQ","j7Lp261qB6cWwFIB-H4Vkg"
"nySVhpnlhqfvajw-yySqvQ","Agti8hXHBrIgNMtysT9zDA"
"nySVhpnlhqfvajw-yySqvQ","0kCS1wNnmmp9UgojD14C6Q"
"nySVhpnlhqfvajw-yySqvQ","-exvXUUTiQeHhtvpzhKq7A"
"nySVhpnlhqfvajw-yySqvQ","uZM3pJLXJwSmHBabnRSFyw"
"nySVhpnlhqfvajw-yySqvQ","e--Rw0OpTWjmFNBsHSRfxw"
"nySVhpnlhqfvajw-yySqvQ","Ch-PCp_dby_TwyrddRgvDA"
"nySVhpnlhqfvajw-yySqvQ","_8ZoF-idkvgPFlRuYRjwxQ"
"nySVhpnlhqfvajw-yySqvQ","2nGr87KFUN64zcKgQG2Amg"
"nySVhpnlhqfvajw-yySqvQ","TcsaJM56vsQuE8wzq_jFqw"
"nySVhpnlhqfvajw-yySqvQ","xwBYjOMsabqwhuV6llSmXg"
"nySVhpnlhqfvajw-yySqvQ","jySfdWP1M2peTweCi17zyA"
"nySVhpnlhqfvajw-yySqvQ","MU06KoMbLM8D8CcdDKKcAw"
"nySVhpnlhqfvajw-yySqvQ","iS-HKUoDs8eHGT-u5MUpSQ"
"nySVhpnlhqfvajw-yySqvQ","vUbVyT_GHjAfq6qDA9hVNA"
"nySVhpnlhqfvajw-yySqvQ","jalPD0i5QhCAq2Rq8hMXTw"
"nySVhpnlhqfvajw-yySqvQ","GsXeOTAm85NE3KgGfPmSrw"
"nySVhpnlhqfvajw-yySqvQ","ok6f0Y5N6iLki1nJRPsfLQ"
"nySVhpnlhqfvajw-yySqvQ","kUCwlYPk-9aQsD531CQWUQ"
"nySVhpnlhqfvajw-yySqvQ","J-5S-f0vc6ZBjyG8MUWJ1A"
"nySVhpnlhqfvajw-yySqvQ","a-2aNfmCKjt4dANrWHRoqg"
"nySVhpnlhqfvajw-yySqvQ","qVze411fw768Pt8VqGWZow"
"nySVhpnlhqfvajw-yySqvQ","Bzb6asN9DfJjyKxEqDHxIA"
"nySVhpnlhqfvajw-yySqvQ","x1IuGxuNbqHHaYPBXEzVaw"
"nySVhpnlhqfvajw-yySqvQ","NJ80P7f0ut-1CcEgsRvsug"
"nySVhpnlhqfvajw-yySqvQ","s7wuMlCZTg8R6NZHEfPvww"
"nySVhpnlhqfvajw-yySqvQ","ZLV8a5XUNtGyESYYXlmV2A"
"nySVhpnlhqfvajw-yySqvQ","fw4Zi2wx1bGD1EQ_WU-ljA"
"nySVhpnlhqfvajw-yySqvQ","kmt51oGwMgHmyJQS7955hQ"
"nySVhpnlhqfvajw-yySqvQ","lx71Q1-Y7xd4QSK5lUvIIA"
"nySVhpnlhqfvajw-yySqvQ","ZEF_RLr_FOiU9wzhWr1znQ"
"nySVhpnlhqfvajw-yySqvQ","TcmurdeerWvFbCl7AayvSg"
"nySVhpnlhqfvajw-yySqvQ","uS83xEMQX3N3IMxj30mjpA"
"nySVhpnlhqfvajw-yySqvQ","UVHbtqQmdW6aqwWp9VIilw"
"nySVhpnlhqfvajw-yySqvQ","zmB5iIe9Ex5wMWuZVBO6_A"
"nySVhpnlhqfvajw-yySqvQ","ZlsqyPm6nsB2cx1ionWmUw"
"nySVhpnlhqfvajw-yySqvQ","s2hEZnPbtV92AgP6w-MrLA"
"nySVhpnlhqfvajw-yySqvQ","96YYbPGjYpSwNBwdr70isg"
"nySVhpnlhqfvajw-yySqvQ","DUkSW2_-KkGQvamjFKRxzg"
"nySVhpnlhqfvajw-yySqvQ","5MCBLBxr10NLUKZ4AboAMg"
"nySVhpnlhqfvajw-yySqvQ","vPChAWgXYvylhu283ec_AQ"
"nySVhpnlhqfvajw-yySqvQ","JzIbjdl3rdM0qfh2QJ4pgA"
"nySVhpnlhqfvajw-yySqvQ","2zs2mt6c5plfyf6PdDrnnw"
"nySVhpnlhqfvajw-yySqvQ","085kNVTQlDOSB3tbHsaKng"
"nySVhpnlhqfvajw-yySqvQ","7x_06bvkGaBHUgVa8KKacg"
"nySVhpnlhqfvajw-yySqvQ","PWMln1zL_AE2qmRNYi2CiQ"
"nySVhpnlhqfvajw-yySqvQ","2lofgTle8eJgoNwd6B0hbw"
"nySVhpnlhqfvajw-yySqvQ","-fyxGtlmI3MJCaQNJP6n3g"
"nySVhpnlhqfvajw-yySqvQ","epsnQDf4_So0bdpu2Hfzdw"
"nySVhpnlhqfvajw-yySqvQ","1GzYSB_saM1JG-pR5NuETw"
"nySVhpnlhqfvajw-yySqvQ","lu_OHki9Hw4pGdNbuXs-qg"
"nySVhpnlhqfvajw-yySqvQ","GDpNZS4GJczTiQZTmAD8YA"
"nySVhpnlhqfvajw-yySqvQ","UrXSx3sa5Egow1Ia6uPhVw"
"nySVhpnlhqfvajw-yySqvQ","Hw3b0Avr8MhKcKKaKdYUcQ"
"nySVhpnlhqfvajw-yySqvQ","8RMlU3gkcAN9yV4-FOYvCg"
"nySVhpnlhqfvajw-yySqvQ","JHFl9lpnfhO8zrHY-dAjDg"
"nySVhpnlhqfvajw-yySqvQ","yY5KBM05U8C8b1HjNkej7A"
"nySVhpnlhqfvajw-yySqvQ","66lHeQU4ueIWslRa3dF2Yw"
"nySVhpnlhqfvajw-yySqvQ","pWaAI2U1tJ4G-gK3jIccYg"
"nySVhpnlhqfvajw-yySqvQ","uIjj7EIVBU4kGNgmKPO02A"
"nySVhpnlhqfvajw-yySqvQ","E9A9u7F3uIIT6eEgsYG4Ew"
"nySVhpnlhqfvajw-yySqvQ","qZPmAd_d7q_PhpdKE0ow0g"
"nySVhpnlhqfvajw-yySqvQ","ZJRhstxt9SctZ3Fh33tMVg"
"nySVhpnlhqfvajw-yySqvQ","NDWDFvMtDnIlK-xptXFbWA"
"nySVhpnlhqfvajw-yySqvQ","4HlJfVH0PXvO1g1Iye9gSw"
"nySVhpnlhqfvajw-yySqvQ","DnpkjxWELBTFBGNrszoH8A"
"yocUoAflwaRsnyUf6ceQwA","DDF6lbrU8TJRS4BtsKkdAw"
"yocUoAflwaRsnyUf6ceQwA","kWKiVpDL3zOyh0K7OLb3sw"
"yocUoAflwaRsnyUf6ceQwA","OGXaxh9Qg9HQSlNpk1h2Ig"
"yocUoAflwaRsnyUf6ceQwA","To2MtARa6IA9cEShomEwZQ"
"yocUoAflwaRsnyUf6ceQwA","L4LYCnLj2DySKILVvAbmxQ"
"yocUoAflwaRsnyUf6ceQwA","vYsN7bx9TdHxl5-WVoqTGA"
"yocUoAflwaRsnyUf6ceQwA","r2UEPbuQVCAz1AWm1TSP-w"
"yocUoAflwaRsnyUf6ceQwA","kGxQxI2bcoCaITkSoHmDGg"
"yocUoAflwaRsnyUf6ceQwA","GOrrRgMzoVG7WXvMOmkq3g"
"yocUoAflwaRsnyUf6ceQwA","IvXac4t4JkRAaEULTOz6iQ"
"yocUoAflwaRsnyUf6ceQwA","5hfKGSTC6gkamIfl6BZm6A"
"yocUoAflwaRsnyUf6ceQwA","colfdULUxE64hf8-cKXeAw"
"yocUoAflwaRsnyUf6ceQwA","BkFM3EaDVO_w91aFvrjCFw"
"yocUoAflwaRsnyUf6ceQwA","JzyhTurcfA8u1hqM7J0CgA"
"yocUoAflwaRsnyUf6ceQwA","E1QMeAq89ee4Nx5jOcHEig"
"yocUoAflwaRsnyUf6ceQwA","pxXt5tx3S7eZ-Cq1ymIF0g"
"yocUoAflwaRsnyUf6ceQwA","PSiA3JAwQxO3WNVXJD4m5w"
"yocUoAflwaRsnyUf6ceQwA","MhSqPY-1Rhk4vBehoTRqZg"
"yocUoAflwaRsnyUf6ceQwA","nySVhpnlhqfvajw-yySqvQ"
"yocUoAflwaRsnyUf6ceQwA","95GOfKoCDfeGkX2l8n8Lfw"
"yocUoAflwaRsnyUf6ceQwA","--2vR0DIsmQ6WfcSzKWigw"
"yocUoAflwaRsnyUf6ceQwA","kdo4Ch9wTIg4vb8gBj9KYg"
"yocUoAflwaRsnyUf6ceQwA","rXvsM4vsvrhmLKXu10HRbQ"
"yocUoAflwaRsnyUf6ceQwA","Qs_MYKfkw4dASKgG7rWeLg"
"yocUoAflwaRsnyUf6ceQwA","DJ08V14y3regx0DH4Gg0_Q"
"yocUoAflwaRsnyUf6ceQwA","SMAqqXSVr3qL7epXMXjDOw"
"yocUoAflwaRsnyUf6ceQwA","vOO12vDBWFe1_Iphs4muvQ"
"yocUoAflwaRsnyUf6ceQwA","hncn3pyp5D3RN0-Bf6MqWA"
"yocUoAflwaRsnyUf6ceQwA","0pgXpWmpy6vAOqvs_TMhaA"
"yocUoAflwaRsnyUf6ceQwA","298kzk5e9HKXlnv3VD0drg"
"yocUoAflwaRsnyUf6ceQwA","1ig0jhH4uMbLOGpjfBqnuw"
"yocUoAflwaRsnyUf6ceQwA","OK7jABaab-ITXjFopirh2A"
"yocUoAflwaRsnyUf6ceQwA","FpB44ccQnPntnZQmWTTKDA"
"yocUoAflwaRsnyUf6ceQwA","izoKblvdpxcDkoEPAKJ7GQ"
"yocUoAflwaRsnyUf6ceQwA","ueiZhL1Ophqa_wJIK-rxfg"
"yocUoAflwaRsnyUf6ceQwA","1ibYu0H9uHrxKUGhlhtocA"
"yocUoAflwaRsnyUf6ceQwA","TcsaJM56vsQuE8wzq_jFqw"
"yocUoAflwaRsnyUf6ceQwA","ZEF_RLr_FOiU9wzhWr1znQ"
"yocUoAflwaRsnyUf6ceQwA","7x_06bvkGaBHUgVa8KKacg"
"yocUoAflwaRsnyUf6ceQwA","yY5KBM05U8C8b1HjNkej7A"
"yocUoAflwaRsnyUf6ceQwA","pWaAI2U1tJ4G-gK3jIccYg"
"yocUoAflwaRsnyUf6ceQwA","jGEwr6jIbkPg4gh4ZLKKfw"
"yocUoAflwaRsnyUf6ceQwA","ZTkBP5W_TzNBjDeYCgtIiw"
"yocUoAflwaRsnyUf6ceQwA","EgeDLGkQQdNfGtJBguJSPQ"
"yocUoAflwaRsnyUf6ceQwA","CDvhiRiczAq0M5pktyiyog"
"yocUoAflwaRsnyUf6ceQwA","r_Fpo54Q0aAI__QdiTwOzw"
"yocUoAflwaRsnyUf6ceQwA","o5FVI3pJeg8kkMjcm6j63w"
"yocUoAflwaRsnyUf6ceQwA","natSObJ4-jEev6rJRta7jA"
"yocUoAflwaRsnyUf6ceQwA","zpyZpDp1vXXMk5ySOOU7oA"
"yocUoAflwaRsnyUf6ceQwA","nsfaaU4t8Q0zhbhOJAyPMQ"
"yocUoAflwaRsnyUf6ceQwA","6Xy-Qbau0Nsl3QdkYnwp_g"
"yocUoAflwaRsnyUf6ceQwA","zo9rC-SUS1ojAFy0lcR7GA"
"yocUoAflwaRsnyUf6ceQwA","f-Q2MsARsLK-ofu6OfHgTQ"
"yocUoAflwaRsnyUf6ceQwA","OuXPEfEyfXyM2qGUPBWuWA"
"yocUoAflwaRsnyUf6ceQwA","VJPIRCL3rQtGwc9Bc6as2w"
"yocUoAflwaRsnyUf6ceQwA","kEbMsY0LNbu4VaoEAMc9tg"
"yocUoAflwaRsnyUf6ceQwA","qXBIKW1Bzs0jgQwBjR-wEQ"
"yocUoAflwaRsnyUf6ceQwA","VkT6X7_wJ8nkbkTL1PLplw"
"yocUoAflwaRsnyUf6ceQwA","TeHp5f1KY_7Mh-swUWSjuA"
"yocUoAflwaRsnyUf6ceQwA","-cYTEG5SRUuMgv2AluYVMw"
"yocUoAflwaRsnyUf6ceQwA","BW73CXGxMOoN6OyUxuMnVQ"
"yocUoAflwaRsnyUf6ceQwA","qmE3RxCn_Ea5Q709RNHqNg"
"yocUoAflwaRsnyUf6ceQwA","Kwz6LPHSIlHxN1SaNjiEIw"
"yocUoAflwaRsnyUf6ceQwA","13wKs-76cMDlKHil1-rhjg"
"yocUoAflwaRsnyUf6ceQwA","Rg-tI5iw0r-z5bN5PcmJkw"
"yocUoAflwaRsnyUf6ceQwA","s7UzvsAzDVZeDdy9zYcMtQ"
"yocUoAflwaRsnyUf6ceQwA","KhD6ip17SPOusQp_jQOPiA"
"yocUoAflwaRsnyUf6ceQwA","NdLWmlhiJ-RilEADusYxWQ"
"yocUoAflwaRsnyUf6ceQwA","r2k6dMyA0qF5TW7_Ikd8Xw"
"yocUoAflwaRsnyUf6ceQwA","vqnQCBgHxRz0yjvNJotogw"
"yocUoAflwaRsnyUf6ceQwA","0CoJnyb-3gmASvWaT6BxsA"
"yocUoAflwaRsnyUf6ceQwA","g2uD2YGgMEE4fPkiiJdIiA"
"yocUoAflwaRsnyUf6ceQwA","tfXmc676t3J5crO6NqfT6g"
"yocUoAflwaRsnyUf6ceQwA","LlIZmwJLnw7PMDktDiy6sw"
"yocUoAflwaRsnyUf6ceQwA","nXeWrBXRCJDqk5BAQU_mnQ"
"yocUoAflwaRsnyUf6ceQwA","cGNHKdbcGMiZcuEjbNPrxg"
"yocUoAflwaRsnyUf6ceQwA","ddGZwHc1A0Lbo_0u6KKM8g"
"yocUoAflwaRsnyUf6ceQwA","bvWEeqHLLeEXNsZ1imZUvQ"
"yocUoAflwaRsnyUf6ceQwA","17O7hbf8Nts4fX42kwuX2Q"
"yocUoAflwaRsnyUf6ceQwA","0l-6FG2dqWJIlQIBeERTyQ"
"yocUoAflwaRsnyUf6ceQwA","ODmVfHS9-hNVNqtSB1RIwA"
"yocUoAflwaRsnyUf6ceQwA","CAus0sj_lsIAjD4t28bn3Q"
"yocUoAflwaRsnyUf6ceQwA","rxnYv1gVOuTJCP4Qiy-Hqg"
"yocUoAflwaRsnyUf6ceQwA","CIi0UKyKWjjcyuWfchFwNg"
"tH7A68FKmH3C7uWhl9zIiQ","Zpn9kOhojhcO_fS6PpMudw"
"tH7A68FKmH3C7uWhl9zIiQ","5yed-24IOzJQv43azOtjIw"
"tH7A68FKmH3C7uWhl9zIiQ","_lbWKRupAKhWCG85rw5hDw"
"tH7A68FKmH3C7uWhl9zIiQ","TcsaJM56vsQuE8wzq_jFqw"
"tH7A68FKmH3C7uWhl9zIiQ","ZlsqyPm6nsB2cx1ionWmUw"
"tH7A68FKmH3C7uWhl9zIiQ","rof9DyrMxiWY1NyQHtjeDA"
"tH7A68FKmH3C7uWhl9zIiQ","-5P_HpvpjamXTVqYM9gN_g"
"tH7A68FKmH3C7uWhl9zIiQ","Q9mwmZr0xsMPTi2zrp_cMQ"
"tH7A68FKmH3C7uWhl9zIiQ","eCMkw2K2aF5o098iIpwc3w"
"tH7A68FKmH3C7uWhl9zIiQ","8DHVK88JMHEyMcLKi-cNQQ"
"tH7A68FKmH3C7uWhl9zIiQ","MRhXEhQb4iED2WpM8TQdYA"
"tH7A68FKmH3C7uWhl9zIiQ","sg7YfNb_29QtAue4lHKjjw"
"tH7A68FKmH3C7uWhl9zIiQ","OgtP8KSDHobYZg7UvPWP6g"
"tH7A68FKmH3C7uWhl9zIiQ","OObcRjWGuy3mfubteuoQsA"
"tH7A68FKmH3C7uWhl9zIiQ","hTUv5oh2do6Z3OppPuuiJA"
"tH7A68FKmH3C7uWhl9zIiQ","xLbsFf2pJgwqVwswfQMi6A"
"tH7A68FKmH3C7uWhl9zIiQ","miRNR9sET0W-SbfY0dgGng"
"tH7A68FKmH3C7uWhl9zIiQ","XLnkycb-1FRK5knxM3Rskg"
"tH7A68FKmH3C7uWhl9zIiQ","NF4NsuA1s2gwSm6Zsxkh_g"
"tH7A68FKmH3C7uWhl9zIiQ","E4SvwiapKXUIIyES6bsm3g"
"tH7A68FKmH3C7uWhl9zIiQ","Ym-BzeFuRwTcQxhzuMBc9g"
"tH7A68FKmH3C7uWhl9zIiQ","_vY8AQuh_LhZxAFhV97shQ"
"tH7A68FKmH3C7uWhl9zIiQ","_JRF-GOPhhOSvgnSEfrLvA"
"tH7A68FKmH3C7uWhl9zIiQ","7KveJuCS67JtCJ5XV_RKHw"
"tH7A68FKmH3C7uWhl9zIiQ","FkkmDevoHmaGJVcDlUbdjg"
"tH7A68FKmH3C7uWhl9zIiQ","19oh30I3hUNlZyO1tzZMkA"
"tH7A68FKmH3C7uWhl9zIiQ","SiNt20tI6mgLvq9wNOOmlA"
"tH7A68FKmH3C7uWhl9zIiQ","mCNJtXTt139w2itp1bFDSA"
"tH7A68FKmH3C7uWhl9zIiQ","ZKSxrFQvM93_lqE5E4akPQ"
"tH7A68FKmH3C7uWhl9zIiQ","XarcAzi18Bl4n7ajHoWYvQ"
"tH7A68FKmH3C7uWhl9zIiQ","LsCnrmh5ePQ3ijwQTw3ZqQ"
"tH7A68FKmH3C7uWhl9zIiQ","ma2XTtzlEEKZh3FScwTthQ"
"tH7A68FKmH3C7uWhl9zIiQ","sq07p_om6vCTgvMT73dJEw"
"tH7A68FKmH3C7uWhl9zIiQ","r4Fyv_1dfKzjpJ--AaoFkw"
"tH7A68FKmH3C7uWhl9zIiQ","PyEkVJzdGhj7luruBPPUVg"
"tH7A68FKmH3C7uWhl9zIiQ","WDq3gvojof7zMRSbA1U7UQ"
"tH7A68FKmH3C7uWhl9zIiQ","oeDdg3Vycz7M-3zHDYVqbg"
"tH7A68FKmH3C7uWhl9zIiQ","8ce39yLzs5nmpdV7JuDTzw"
"tH7A68FKmH3C7uWhl9zIiQ","QaLZQKfcwxOWueAki4mN3Q"
"rF3qN9RCPUbyrTnk2KMqFw","Xgsh2nkE8i8iErtXbHPrCQ"
"FXv_4nlfKtDm7kRluSmLJA","MFbxoy-76VUCnTsmfMIRXA"
"FXv_4nlfKtDm7kRluSmLJA","GZc3SUe3sb_nbq-N3FMRSQ"
"FXv_4nlfKtDm7kRluSmLJA","oZ9vbaaw6KS0m8tnNbJxzw"
"FXv_4nlfKtDm7kRluSmLJA","lAeV2J4WNrPzohZWweYtwA"
"FXv_4nlfKtDm7kRluSmLJA","gKDmcFL7QDsGZkt8Ob2TyQ"
"7D1aiGp4rD2F1nTf5gc_Fw","kGxQxI2bcoCaITkSoHmDGg"
